real,prediction
negative,1.323155136217904
negative,1.323155136217904
negative,1.082842712474619
negative,0.65
negative,1.3361824956913513
negative,1.0485281374238569
positive,1.240087804065275
negative,1.331370849898476
negative,0.4
negative,0.0
negative,0.4
negative,0.05
negative,0.05
negative,1.2292528739883946
negative,0.6
negative,0.6
negative,0.9762261260824034
negative,0.4
negative,0.575
negative,1.5039529675674168
negative,1.3064495102245979
