real,prediction
negative,1.6007810593582121
negative,1.6007810593582121
negative,1.4142135623730951
negative,1.0
negative,1.7320508075688772
negative,1.4142135623730951
positive,1.7320508075688772
negative,1.4142135623730951
negative,1.0
negative,0.0
negative,1.0
negative,0.25
negative,0.25
negative,1.7320508075688772
negative,1.0
negative,1.0
negative,1.4361406616345072
negative,1.0
negative,1.25
negative,1.8027756377319946
negative,1.5
