real,prediction
negative,0.6242562
negative,0.6242562
negative,0.61450106
negative,0.676615
negative,0.49522674
negative,0.5587181
positive,0.69441247
negative,0.5567466
negative,0.5055251
negative,0.7503719
negative,0.5055251
negative,0.6727209
negative,0.6727209
negative,0.42629185
negative,0.50260735
negative,0.44473228
negative,0.6869116
negative,0.6175518
negative,0.5299284
negative,0.47930688
negative,0.5936463
