real,prediction
negative,0.0
negative,0.0
negative,0.0
negative,1.4328741881481442
negative,0.0
negative,0.0
negative,0.0
negative,0.0
negative,0.0
negative,0.0
negative,0.0
negative,0.0
negative,0.0
negative,4.314771761481412
negative,5.121621202962949
negative,4.161161407407382
negative,0.0
negative,5.472226469629689
negative,2.8770585960494035
negative,1.9307329101234636
positive,3.141804700740657
positive,3.581336764444492
