real,prediction
negative,16.638840000000002
negative,43.114898610000004
negative,0.0
negative,35.020361460000004
negative,0.0
negative,53.50550645999997
negative,0.0
negative,0.0
negative,76.58492645999999
negative,24.438487499999958
negative,0.0
negative,0.0
negative,0.0
negative,14.86023999999999
negative,7.854314999999981
negative,0.0
negative,0.0
negative,50.673262500000014
negative,0.0
negative,44.81757000000002
positive,30.070687500000002
positive,29.967052499999973
