real,prediction
negative,-6.549496991579673
negative,-6.524071331518242
negative,-3.577783745717838
negative,-8.63411371469392
negative,1.17816668033715
negative,-6.089229134977673
negative,-8.125116307213414
negative,-8.920296515324916
negative,-7.5648313769306785
negative,-7.852040517432638
negative,-8.786288818859083
negative,-7.261446382925991
negative,-1.454106585360631
negative,-4.276242094230926
negative,-9.276157310622343
negative,-8.305578464022709
negative,-7.184497591422141
negative,-9.016455680861505
negative,-5.78095801231108
negative,-8.29329869693309
negative,-7.790006238938455
negative,-6.274423479299357
negative,-8.932479189185445
negative,-6.936694393959332
negative,-7.600153169345938
negative,-8.255670816238228
negative,-4.977869872596374
negative,-6.912042033954787
negative,-6.99758046322777
negative,-7.525312609182969
negative,-5.672434497015363
negative,-1.7460956240728605
negative,-5.331835466404
negative,-6.695421401867566
negative,-8.562427539368441
negative,-7.354787315216175
negative,-6.349917789638333
negative,-6.372907353388416
negative,-5.037869142086541
negative,-6.213616378913642
positive,-2.9270829179398135
positive,-3.6377718349297647
positive,-5.350554599157972
positive,-6.607369338607626
