real,prediction
negative,0.39787286425888346
negative,0.36233340928387686
negative,0.0
negative,0.0
negative,0.0
negative,0.0
negative,0.0
negative,0.0
negative,1.105823463706308
negative,0.397091347428066
negative,0.0
negative,0.0
negative,0.4696805099271532
negative,0.0
negative,0.4031143758545031
negative,1.4721516312388905
negative,0.4171707459949467
negative,0.33241442180756653
negative,0.0
negative,0.0
positive,0.0
positive,0.0
