real,prediction
negative,5.10076438143575
negative,4.639825505795771
negative,6.274949932879908
negative,3.9227269786009296
negative,8.137486762961098
negative,4.49100724200358
negative,0.0
negative,0.0
negative,9.924683570385811
negative,0.0
negative,0.0
negative,0.0
negative,0.0
negative,1.4930838254996037
negative,1.8816536995341542
negative,12.5547188530927
negative,8.107226965002143
positive,0.0
positive,6.778669161052039
