real,prediction
negative,0.7753689
negative,0.649062
negative,0.588213
negative,0.9222784
negative,0.7363658
negative,0.55629826
negative,0.67020726
negative,0.6943702
negative,0.80477357
negative,0.7311857
negative,0.58843666
negative,0.74247813
negative,0.69556856
negative,0.73906183
negative,0.60805964
negative,0.8294239
negative,0.8481722
positive,0.56308705
positive,0.4727064
