real,prediction
negative,0.0
negative,0.0
negative,0.0
negative,1.771484375
negative,5.2942708333333295
negative,2.6953125
positive,1.771484375
negative,0.0
negative,1.669921875
negative,1.916015625
negative,1.669921875
negative,1.8535156250000002
negative,1.8535156250000002
negative,1.9980468749999982
negative,4.82421875
negative,0.0
negative,0.0
negative,1.916015625
negative,1.775390625
negative,6.796875
negative,1.8535156250000002
