real,prediction
negative,0.61419517
negative,0.6595874
negative,0.66881263
negative,0.5924431
negative,0.08840066
negative,0.63508976
negative,0.6615868
negative,0.6701866
negative,0.6076826
negative,0.67094713
negative,0.6169794
negative,0.6772622
negative,0.6698151
negative,0.6732623
negative,0.64189774
negative,0.00014936924
negative,0.5544596
positive,0.56642544
positive,0.45414013
