real,prediction
negative,1.6465354967700303
negative,1.6465354967700303
negative,1.199561194842973
negative,0.0
negative,3.8838731418461814
negative,1.4803236395942558
positive,0.0
negative,0.0
negative,4.113069800592745
negative,1.543492017126351
negative,4.113069800592745
negative,0.0
negative,0.0
negative,5.280500803088146
negative,4.901528460978457
negative,2.1280659120221155
negative,0.0
negative,0.0
negative,2.097004447326951
negative,5.390269167958753
negative,0.0
