real,prediction
negative,0.9165487
negative,0.9165487
negative,0.8296549
negative,0.7088327
negative,0.98355746
negative,0.93115866
positive,0.4935867
negative,0.68655413
negative,0.84829336
negative,0.81576496
negative,0.84829336
negative,0.8137921
negative,0.8137921
negative,0.909425
negative,0.8752567
negative,0.9304398
negative,0.679843
negative,0.88989794
negative,0.9901122
negative,0.62077504
negative,0.6450158
