real,prediction
negative,0.98532236
negative,0.98532236
negative,0.7118397
negative,0.4633424
negative,0.92602956
negative,0.9482282
positive,0.544294
negative,0.7305842
negative,0.8692539
negative,0.46188605
negative,0.8692539
negative,0.4667614
negative,0.4667614
negative,0.8821069
negative,0.7283648
negative,0.93675005
negative,0.4383621
negative,0.42090026
negative,0.93710077
negative,0.64035994
negative,0.5408957
