real,prediction
negative,4.518217004444388
negative,4.104456240000015
negative,0.0
negative,2.6580945881480886
negative,1.0082293539094636
negative,0.0
negative,4.128478897777747
negative,2.25904116444444
negative,0.6336796977777901
negative,0.8447399390741062
negative,0.0
negative,2.422042662222191
negative,1.1436580008024748
negative,1.78018047925924
negative,0.0
negative,0.0
negative,0.0
positive,1.661820891851864
positive,3.1436120444443887
