real,prediction
negative,0.998098
negative,0.99809027
negative,0.9979706
negative,0.9980836
negative,0.9980686
negative,0.9979995
negative,0.99809766
negative,0.9980947
negative,0.9980488
negative,0.9980431
negative,0.9980844
negative,0.99800646
negative,0.99807876
negative,0.99796295
negative,0.99802613
negative,0.99799806
negative,0.9982704
positive,0.9985248
positive,0.9988728
