real,prediction
negative,-9.294403194885922
negative,-8.65538835330428
negative,-19.560437420289503
negative,-10.15686772219421
negative,-6.810945715574412
negative,-7.520654248782596
negative,-13.008499898593278
negative,-7.8288440406426005
negative,-7.201607877948728
negative,-8.249507518679621
positive,-31.851732023351794
negative,-9.173816537196778
negative,-12.171395573269878
negative,-9.015131907353512
negative,-13.147990090121429
negative,-6.114052403417365
negative,-8.018754047258929
negative,-11.974531913068981
negative,-32.27016431529119
negative,-4.101000827718299
negative,-9.568374589887506
negative,-8.062784418990216
negative,-8.991283991914573
negative,-15.329199844492948
negative,-18.46488644950489
negative,-13.669512796215797
negative,-40.85463040507421
negative,-7.155456755077633
negative,-8.32423101411374
negative,-13.115757501897809
negative,-9.08486176334093
negative,-9.917885934102584
negative,-4.45655958901804
negative,-19.80542912591832
negative,-14.6873778869645
negative,-3.858659177694478
negative,-9.65060107401109
negative,-11.817076926489564
negative,-15.068684493626394
negative,-10.119570543208448
negative,-5.313983011620667
negative,-22.260684368993967
negative,-7.823829499812184
negative,-3.7491920943786377
negative,-8.165395459556667
negative,-6.317741263685611
negative,-11.391005604877376
negative,-6.952653884401815
positive,-16.7138862626292
